timestamp,scenario,label,hp_expected_active,heat_demand_mw,base_electric_load_mw,pv_generation_mw,hp_electric_power_mw,hp_thermal_power_mw,cop,p2h_electric_power_mw,chp_electric_power_mw,coupling_bus_voltage_pu,grid_import_mw,max_line_loading_pct,unserved_heat_mw,network_supply_temp_k,network_return_temp_k
2026-01-01 00:00:00,NORMAL,0,1,4.095824194223853,5.10961935296471,0.9057821743274748,0.825256460990506,2.689799069384779,3.2593493011328554,0.22849006523636356,1.9210655434853556,1.0043100002520606,3.1644933490536333,22.962822109548252,0.03914121526646382,346.3549696841828,322.41852913685074
2026-01-01 00:15:00,NORMAL,0,1,2.7555137590082093,5.88730570424387,2.7553256865466627,1.1375758195024084,3.6446599317471007,3.203883090044342,0.9484242195453152,0.5531555299945834,0.9981015673742872,4.52379134541149,37.873553696566105,0.011331117437832399,343.51227814580875,323.14267163216476
2026-01-01 00:30:00,NORMAL,0,1,4.43439167964553,4.002964744809369,2.3438821062945476,1.2936606591604582,3.9305059110428293,3.038282012528381,0.5893910873553498,0.5989182742920314,1.0018847389284768,2.847994136142879,36.36140528182919,0.012215210707313658,343.95692271042725,323.13999696999787
2026-01-01 00:45:00,NORMAL,0,1,3.7894721162374556,2.575590010205003,0.3317652329883315,1.0927655413901867,3.4996841128975125,3.2025937681428984,1.3827786752324926,1.7031169049120314,0.9943650604489956,2.8417310189584795,23.468459345727965,0.055002714808789745,343.112092950556,318.00395281341224
2026-01-01 01:00:00,NORMAL,0,1,1.3767093915505981,2.055745150832806,2.991103973512719,1.3595323459043174,4.081055041047834,3.001807977090274,0.4787347419121051,1.472384151244551,1.0066431553342472,-0.5451669522486106,28.894717115872428,0.0037898005383591826,347.60231669730405,319.29546993010047
2026-01-01 01:15:00,NORMAL,0,1,4.902489406547024,2.918624119995421,2.637600072923236,1.1602056878119948,3.5159100465554225,3.030419591534667,1.0892701925758517,1.0203693106859828,1.0062281748008595,1.6195879678416052,37.638505271921474,0.022927501193105063,346.2668430820547,320.9606685917628
2026-01-01 01:30:00,NORMAL,0,1,4.044558807961412,2.527288871146084,0.8517253135921169,1.2534815820881189,3.554847812752144,2.8359792944307025,0.6916491452323614,1.3373121746296033,1.0047979526287503,2.0453173651251086,49.71625239432329,0.011183007237589448,346.20998675135775,325.06380935548435
2026-01-01 01:45:00,NORMAL,0,1,4.144257221107815,4.71063469445143,2.5106897389828147,0.42551447830200084,1.3018822670796408,3.059548695674826,0.9899269516939182,2.015820637465721,0.9924262261210323,1.6033350546812182,29.482483079386526,0.03528619436938274,347.4944228422849,322.9601984074278
2026-01-01 02:00:00,NORMAL,0,1,1.5124545307021835,2.4873300185141245,0.3192585956141486,1.1056548532931665,3.32697945910446,3.0090578892636626,0.8995430350739856,2.15322296931586,1.0041456053553304,1.9870559726613177,53.189996404996464,0.0331483017595489,350.62529849647746,322.2387943239968
2026-01-01 02:15:00,NORMAL,0,1,2.8015437515822685,4.0253197264825324,2.997314191422716,0.7840975694801053,2.1990817546371133,2.8046021824748304,0.7091759591384973,1.6224461357800883,1.0020242754381785,0.9500592307288509,41.83193142957854,0.041750114775108475,341.58154779217966,319.2244240889014
2026-01-01 02:30:00,NORMAL,0,1,2.483192096930325,4.7770497425715455,1.9970542083196108,0.9084141826524026,2.718266320584452,2.9923204332275106,1.4250916419366557,1.270738961714206,0.9919736437643372,3.840821581911249,50.4168674073847,0.02237090632820242,343.52324683824577,318.23360073768976
2026-01-01 02:45:00,NORMAL,0,1,4.707059955394407,4.324466436883609,1.950375046676391,1.0195126504305922,3.0463451564469772,2.988040565421479,0.5140704641324338,1.041393522990214,0.999878513081146,2.6482410897902855,38.902239333474284,0.0025634871502541756,343.76764983165094,321.5778157667665
2026-01-01 03:00:00,NORMAL,0,1,3.575460480322658,2.7991026066402305,0.27132218095239824,1.3667966283761264,4.468924966408842,3.269634174996696,0.26585325187390885,1.543836941538507,1.0018226724451662,2.427234969570786,39.96776901688894,0.049150888522814865,343.2983607552346,317.7986774715313
2026-01-01 03:15:00,NORMAL,0,1,4.29104645308332,5.216498104729051,2.6911001966898755,1.383035889574787,4.334617037664887,3.1341319992770114,1.0171410913197425,1.129499237128762,1.0027803763691157,3.8004891881426883,44.78877557518561,0.02989744023058811,342.8448335047926,319.5231272980394
2026-01-01 03:30:00,NORMAL,0,1,2.7736567953093245,4.861628518463206,0.08699850961340827,0.6170510700366958,1.8522125731758516,3.0017168158637197,1.2690113419618632,1.6281902740944458,1.0008863068347442,5.186819284715737,57.11882432663297,0.052106799899203714,344.40069387188925,319.77044410199613
2026-01-01 03:45:00,NORMAL,0,1,1.9089548871391075,4.955936015662167,0.7224841741234411,1.1071288471817078,3.36270248266915,3.0373180964701625,0.06038060990988564,1.8533047650192753,1.0014561570842369,3.215528427954594,39.6725032565164,0.008693357664341476,342.5667925694212,323.18582417824564
2026-01-01 04:00:00,NORMAL,0,1,3.218339148063339,2.524231006229253,0.429065625499905,1.1249818917287955,3.38240639390001,3.0066318567156296,0.6744490326340209,0.6321584218387897,1.0073680569612655,3.314296870223612,41.14630152433164,0.0011021884235240264,345.67008473507485,319.29060539408067
2026-01-01 04:15:00,NORMAL,0,1,1.2552690244167013,2.4950152146013784,2.3303038220766554,0.6811421474443536,2.0226944522305415,2.9695629022806678,1.3387315345309894,0.5021349300454945,1.0061301695495535,1.860893445247718,44.07987854110118,0.01986353983082342,345.1033966428572,315.12150072285476
2026-01-01 04:30:00,NORMAL,0,1,4.310524687970329,5.71025020402603,0.5946126816386936,0.4362567523506431,1.237937830983636,2.837635920391757,1.1244279283843013,0.9245542776814859,0.9856647252310863,5.728814044009863,49.50060549190903,0.036523785839524175,345.9620573295273,321.00888929532493
2026-01-01 04:45:00,NORMAL,0,1,3.5266575964882594,3.5903127752997626,2.731914681392656,0.34504165631429173,1.0273070904370434,2.9773422183589604,1.4877115747464424,2.289022995437562,0.9984128072258116,0.484658703934245,22.874013419449373,0.03152575793347738,346.0154569032765,318.60195629379217
2026-01-01 05:00:00,NORMAL,0,1,4.032350960341495,3.203794767123759,1.9688071179824704,1.1550774402820962,3.3359621311723204,2.888085261502123,0.7971207173958657,1.7925815264571183,0.9991767448622803,1.2891439182274618,40.627497540878885,0.06482420442187731,346.20601370685335,320.0852620488755
2026-01-01 05:15:00,NORMAL,0,1,2.4181038725194735,3.9543361814061333,0.10848813148408865,0.8386697159985965,2.3587188813051934,2.812452669161528,0.9899935782017268,0.8439207038740457,0.9912395071363651,4.81268571035679,39.26366356824174,0.030227011535425917,344.2531821263522,319.82659059831576
2026-01-01 05:30:00,NORMAL,0,1,4.882792097579613,4.65145685105433,0.016289502386101384,1.3840941864444187,4.258419430558078,3.0766832721821302,0.4537204217068922,2.2805279236472376,1.0004709152911615,3.9493170054260793,56.86739936950281,0.042435294368246314,349.2422868052673,319.4525920083645
2026-01-01 05:45:00,NORMAL,0,1,4.572484485288791,5.82249302818788,0.15497375104319677,0.8114708018130183,2.482037382536623,3.058689698989985,1.4213033994989885,1.43991188057468,1.0062437888620526,6.108730101619178,39.740263217453645,0.047481247395375376,345.46886223296417,321.5806811635694
2026-01-01 06:00:00,NORMAL,0,1,4.113533988295048,3.14578490752822,1.817775532943183,1.3757086769812241,3.758427676951183,2.731993873294788,0.5495032328348044,1.4521835133573213,0.9945671607020471,1.9424526412275354,38.73282138777324,0.0017465113316649284,341.2750304947504,316.9342702432946
2026-01-01 06:15:00,NORMAL,0,1,1.7785548314078703,5.6992337172481085,2.404445432578246,0.7527336024134659,2.244348479869023,2.981597304375731,1.107766069029943,2.37108388768531,1.0016820046934494,2.636454829269295,58.48799954138808,0.04121067014769512,342.99524850846757,318.9659715500913
2026-01-01 06:30:00,NORMAL,0,1,2.8668840149081367,2.0994379655450253,0.7156584618821654,1.1730503656159696,3.694352278064044,3.1493552078849887,0.6047103061786229,0.61897338436668,0.9954208826135178,2.474237614340258,38.023058544035266,0.02758650075190703,341.51899402194437,321.36807582623476
2026-01-01 06:45:00,NORMAL,0,1,1.175215063148915,4.220792169307298,2.5482265287692187,0.39330119954301523,1.2423926936928997,3.158883560834448,0.842728395094499,0.930356549257437,0.9966404398816017,1.770272347927628,27.235377212883613,0.03370241021466037,345.03466925830264,318.77183044931127
2026-01-01 07:00:00,NORMAL,0,1,1.6171579682701913,4.535900446724341,0.17169582045978116,0.9110078811515403,2.8732054607512305,3.1538755264327856,1.0796738025323194,1.6715426503094448,1.0073869681708503,4.471848204176393,28.67664491223153,0.008022991879620021,344.75638955189334,316.78238658146006
2026-01-01 07:15:00,NORMAL,0,1,3.7321958129698185,2.423589615003013,2.4028915609250285,1.1822657656842965,3.5536981599057773,3.005836981035219,0.7634012276270314,0.8909730191640082,0.9972872108994408,1.049316373211112,23.807501533478966,0.06262564525189161,344.0631486042011,321.3371106865135
2026-01-01 07:30:00,NORMAL,0,1,3.9790486236312685,2.5613583882556505,2.783386290516841,1.3171718339418774,3.7845550161648607,2.873243200804627,1.3606294903642628,1.8590540184179156,1.002311062445053,0.48728282450668725,20.022725170357777,0.0753923400646818,349.021852224801,322.24618926088306
2026-01-01 07:45:00,NORMAL,0,1,4.87003892973684,3.6764572772652153,2.316325197313142,1.2048413996791747,3.4186714172398096,2.837445175896291,0.6289514818917153,0.9281845786734404,0.990643909419695,2.3224360325487274,37.277826440019275,0.0017815056503680004,346.0979657481538,319.910009584714
2026-01-01 08:00:00,NORMAL,0,1,2.3033014325526078,5.864927648572727,2.094362351935912,0.34066779992129165,1.0396127689753836,3.051690735712554,0.9706076972149877,0.6983139411976287,1.0093115878069745,4.451407615422405,50.76970325192886,0.04810982102490783,346.45219672289267,316.07830880306096
2026-01-01 08:15:00,NORMAL,0,1,2.4818388241394755,4.384170212937491,2.5139406559661492,0.7099725754374075,2.1703094897337563,3.0568920051547743,0.5135436499500812,0.9139703192816795,1.0030132622315324,2.227902910025841,49.338657711993434,0.06110752538306865,343.13785302411577,321.41193949339765
2026-01-01 08:30:00,NORMAL,0,1,2.8782232451032317,5.732092886400845,0.12045389864119926,0.3535683195452364,1.1289788833099847,3.1930996667407596,0.6122350023465195,1.3454680685441245,0.9990875007867487,5.267764359746544,21.28596351211401,0.022784607091991153,343.001710217338,316.68022423716064
2026-01-01 08:45:00,NORMAL,0,1,1.7578854363371428,5.217443662451883,0.6053463321571662,0.4202105202260138,1.3299650138442827,3.1649969475513124,0.6600751623503286,0.8522765983461598,1.0028777325499996,5.076771645264683,42.79931614376132,0.06300444678905734,345.0736109981939,320.6175985536963
2026-01-01 09:00:00,NORMAL,0,1,1.5196860213418866,3.869526406221166,0.37477103791692923,1.0428361915342323,3.1078246503143987,2.980165701520324,0.18871052746842787,0.7693840498466946,0.992950902855261,3.79677897210347,26.17132501653904,0.050588404061304104,345.3460142793044,318.2250723505157
2026-01-01 09:15:00,NORMAL,0,1,2.902819704903735,5.139053797008749,1.5135929705789595,1.084584015942868,3.0513351765154066,2.8133691181708698,0.13758551858851004,2.220563772437882,1.0059126537087633,2.6188263585928486,57.64305139058789,0.07433301058168561,341.2873768657711,317.6803214284661
2026-01-01 09:30:00,NORMAL,0,1,1.9076373962035365,2.071347135907951,2.2355643849865334,1.1510927510267888,3.3981800594867555,2.9521340104483653,1.0012348847201369,1.1407944071946157,0.9983800761225179,1.0172194525516651,26.69459998576717,0.07848038490830182,344.6393859543009,319.1161799658406
2026-01-01 09:45:00,NORMAL,0,1,3.6792559787300414,2.4365759870629398,1.890035533729196,1.252002202861229,3.7968026987486296,3.0325846792215785,0.9832766075145785,1.2215173730365072,0.9989796524247578,1.749982862073749,45.06556870789926,0.003387689119896384,345.028144165747,319.6334048871455
2026-01-01 10:00:00,NORMAL,0,1,2.748607675489323,5.317714459530945,2.553393299285805,1.1133746153241608,3.3063746926326494,2.969687513191589,0.9943645713151429,0.6105408190024553,0.9975417219251725,4.048254980480302,33.04953448656227,0.035595020882160495,344.56970166845775,318.7115834992271
2026-01-01 10:15:00,NORMAL,0,1,4.33071278423135,5.187268353300647,0.46563897732327264,1.1809587513172952,3.440505888311534,2.9133158837883517,0.02964966801403751,1.2147392470041083,0.997096742986272,4.670645232056218,45.662453038574085,0.043759023006257454,343.37321917530664,321.1774065564303
2026-01-01 10:30:00,NORMAL,0,1,3.8010604080089965,2.930562967865735,2.203863275805485,0.35386008080560716,1.0750031185757853,3.037932722245485,0.48982026400766987,1.0296143546431593,1.0034733530581421,0.7444838466104567,36.49034385856301,0.011739458656612198,343.9209296361577,319.1078612430823
2026-01-01 10:45:00,NORMAL,0,1,2.2494665655281643,4.123078362396214,0.5791244726067123,0.5579886654854285,1.6317855903176717,2.9244063387884083,0.2967147708887954,1.720970134683577,1.0012795342505212,2.753899057260008,50.38572209225579,0.026902866434188936,344.6462816128544,321.96038174334365
2026-01-01 11:00:00,NORMAL,0,1,4.329039205580804,4.424063282800043,0.8122762539534008,0.9840875507127702,2.859551850035451,2.905790087441194,1.1672271338160185,0.9107805953448134,1.0032587407070153,4.881610572752583,29.227165013114313,0.07901179582051694,345.1816000472201,320.56234633128696
2026-01-01 11:15:00,NORMAL,0,1,4.219057429987208,5.470955815104045,2.129714091843912,1.2439378350873054,3.7899276999272,3.046717925145516,1.2909456020941952,2.276730906125681,0.9999560265525721,3.566741550300754,56.2316741165704,0.0012984365073977157,346.20958316510115,318.60488558680737
2026-01-01 11:30:00,NORMAL,0,1,2.549913516120698,4.412428629354903,2.9406143546960455,0.30495013743362503,0.8964622584172204,2.9397011129806194,0.370020565839221,2.35933324183911,1.002565999055386,-0.27011840276356835,40.008385972534086,0.03620063452195073,347.1617124099017,318.26812023233543
2026-01-01 11:45:00,NORMAL,0,1,2.1533124157209764,3.6502862770947213,1.8346308179312087,0.8660922763279848,2.6299893678707416,3.036615658346753,1.0017737382719796,0.6996621143535804,0.9979057562803748,3.0270922188734453,50.243725908514115,0.0674123697374557,344.4113045529455,316.7050074019051
2026-01-01 12:00:00,NORMAL,0,1,3.729982015899902,3.496736173628731,0.16350094497388679,1.0450161393008368,3.1778738098828683,3.0409806034278186,0.19404420518741167,0.7148059125771544,1.0111486592070478,3.8196335418182654,53.98920765604908,0.025912101017543075,344.0876876077693,320.58146635573365
2026-01-01 12:15:00,NORMAL,0,1,1.5590099344372392,3.7035283454940395,1.8489269097825984,0.3325680180414745,0.9408634074356232,2.829085649836264,0.41272878840257,0.7306528762219759,0.9921603479178475,1.8628585727768439,59.9531444381922,0.03838388022041227,345.8753113470686,319.2908249054973
2026-01-01 12:30:00,NORMAL,0,1,1.7996328099004333,4.607724102319897,0.12705165474050129,0.7414911133087266,2.170947937420444,2.9278138314201883,0.20798174435012928,1.739138512620624,1.006304686617815,3.7027965985348827,28.95782662375833,0.0782436596630384,346.2216898328217,315.25560894387297
2026-01-01 12:45:00,NORMAL,0,1,1.029449079004022,5.469962527009299,2.6524371341004516,1.2851983695220663,4.132769395403758,3.215666540987469,0.4252811498988438,0.7439379284192458,1.0068395372536048,3.682356254636487,31.475696542538195,0.037990146918056314,344.1315991334822,318.9285702544612
2026-01-01 13:00:00,NORMAL,0,1,4.147697510008554,3.815587528305199,2.128734855301862,1.0387740897414446,2.9352515560171724,2.825688073089857,1.0121048210239167,2.2047646358605326,0.9957392059701721,1.6127863539903815,30.01732346927553,0.010473704971719924,346.5807869539323,318.1979319414901
2026-01-01 13:15:00,NORMAL,0,1,3.6594034263681285,2.9913582518054325,0.5193835392675097,0.561424199696657,1.5060214445828237,2.6825018326544203,1.3654903652778787,2.008543029875785,1.01114636805278,2.827482944898986,30.514853286391308,0.004137719333311285,346.95917068231194,323.1513551843413
2026-01-01 13:30:00,NORMAL,0,1,3.8206615145053404,2.9466494519903246,0.2751630174725942,1.2380592425951038,3.368416537747393,2.7207232270136235,0.30378361188627895,2.139617716476048,1.0049774514147265,1.8071635766241532,43.297789661575095,0.07563332579519588,347.58337293131734,316.5944427762134
2026-01-01 13:45:00,NORMAL,0,1,4.122916124087872,4.984057120973786,0.5505996866409569,0.6828345657504657,2.051485288910852,3.0043664919865005,0.8131185524260788,1.5521210537720418,1.0048556950341145,4.425891377365828,59.74090092583372,0.021264753062005256,348.5566418134396,317.11729840053187
2026-01-01 14:00:00,NORMAL,0,1,2.83566310215336,5.266275053695642,2.9400815386625774,1.2386791382584652,3.7217819028720216,3.004637591704905,1.0520866518651484,2.4933544230383067,1.0001401109351293,2.0095763688255355,59.61112348371018,0.040325112525164075,343.2671677226811,322.2199392862114
2026-01-01 14:15:00,NORMAL,0,1,3.274964783811575,2.4211123194165,1.3756819273754695,0.628838016230796,1.8754203221404773,2.982358371686232,1.4293837027283485,0.5883502058883225,0.9989138692089066,2.601912291739739,41.070929254492306,0.007256141287197489,345.02779641866505,322.71352631492795
2026-01-01 14:30:00,NORMAL,0,1,1.5591879925106298,2.2662354278207126,2.352242845024224,0.9493522759714639,3.020960909547593,3.182128474339275,0.9150907243307608,1.3025299283722267,0.9989529558648019,0.4828892757256662,45.56108841058695,0.0338924096440484,345.0225553932373,318.51003412254875
2026-01-01 14:45:00,NORMAL,0,1,1.4581202941438938,4.377734655025807,1.9092250263233306,0.7366340745226174,1.914567085720707,2.599074835034559,0.38266039654107104,1.1478733378752723,1.0019526529815976,2.5542089779972614,54.398821748064236,0.07440844154000993,344.803852862935,318.7358283543822
2026-01-01 15:00:00,NORMAL,0,1,3.6736118471618866,2.584692976770793,1.717239449875912,0.6023075558305737,1.8426937621185648,3.0593900811646235,0.9382172353709044,2.397290997425282,1.0070059313751696,0.18701330714739495,57.3173383381402,0.04019303949047507,343.70147416077975,321.23247079310664
2026-01-01 15:15:00,NORMAL,0,1,2.88438482457253,5.298656761825365,0.4353907639951491,1.275213318389056,4.124314973784374,3.234215730270536,0.48073674251702425,1.6537219169951858,1.000906571089307,4.994357309406338,28.154425093181757,0.07769081214418623,342.02887599353784,315.3458004061094
2026-01-01 15:30:00,NORMAL,0,1,3.2609444259247553,3.2413386956962977,2.838073360674285,0.5063530501334405,1.4334008658726098,2.830832885266243,1.4641925860375617,2.1123819308894505,0.9954427818843136,0.43123688356569045,41.14166915769812,0.020706850978991973,345.185358892058,316.27761263098887
2026-01-01 15:45:00,NORMAL,0,1,4.059995429664102,2.5754877318845706,0.9040278975441538,0.3932927503593394,1.157471978934083,2.943029023231516,0.5995142027454553,0.8406823873170377,1.004122135311925,1.471939716059872,53.31348218646049,0.04036361917631497,343.46328868090416,319.43853319829856
2026-01-01 16:00:00,NORMAL,0,1,3.5388732800023632,5.6838818899498005,1.7340516474226266,0.6761196324002263,1.9520021462536215,2.8870662124157067,1.0281415811415213,2.457268287800878,1.004605753731974,3.435391012955447,32.12808306538366,0.06876246334474602,345.17198696149524,323.0997811322583
2026-01-01 16:15:00,NORMAL,0,1,3.2143176026319833,2.6621268909411127,2.099327833767198,1.0894030624057243,3.122063689000076,2.8658480930883705,0.03484137352013772,1.4972790937526304,1.003273297642239,0.24602372213099685,37.59236169921867,0.0358601883642995,343.4119129166023,319.12853982366653
2026-01-01 16:30:00,NORMAL,0,1,3.236828642981654,3.138880329351742,1.9476994657359268,1.1881747665739097,3.506375857472701,2.951060699246544,0.600092169202133,1.4873441525412916,1.0037274945326249,1.6537801502123441,59.42484406048032,0.022358989885615167,342.8006833083113,320.20187358347033
2026-01-01 16:45:00,NORMAL,0,1,2.215800392250449,2.6144535807682345,2.8217832290865554,1.3986177070734411,4.495329050372509,3.2141227925526756,1.3126614199837674,2.4417694570914756,0.998645359349211,-0.12080134007881624,59.40186786883484,0.06843802907343054,345.4685967207538,322.267578545128
2026-01-01 17:00:00,NORMAL,0,1,1.1232713382717576,2.46196025466142,0.445316969760174,0.6259982627122813,2.0505249181547263,3.275608001323128,0.9153411666498688,1.26146472243429,0.9953550541643471,2.171902509588306,56.24427243060727,0.03119115750980872,345.30184305361297,324.2137694665563
2026-01-01 17:15:00,NORMAL,0,1,2.7468695569294495,2.08459206534576,1.525058215340826,0.7487361462444103,2.208478962623897,2.9496091162439777,0.6659143295939645,1.295050049109986,0.9956590328467961,0.7010250208550391,51.937933793122305,0.04245786328481873,346.1585639426419,318.84630305370337
2026-01-01 17:30:00,NORMAL,0,1,1.8583386912781168,2.2215816366570404,1.212103172222298,0.45050340583258885,1.4802456347105972,3.2857590321096706,1.403906249153589,1.6695054056098733,0.9918226837577107,1.1918270304104277,30.765220028912232,0.07812216531321166,349.3717275328352,319.96632655253313
2026-01-01 17:45:00,NORMAL,0,1,2.6341145748985446,2.6985658837434108,1.4225061884478545,0.9323591225853369,2.80205287568592,3.0053364715476936,1.2809765642208437,0.7561052210955739,1.0011847430577296,2.7757504492076617,32.8340029626875,0.014918663580469112,345.5545790624217,323.6441104426857
2026-01-01 18:00:00,NORMAL,0,1,4.4136122930726644,2.2135277305087016,0.35765257859323385,1.3973380409892089,4.559589000530253,3.2630536540051622,0.4833235107344074,1.1421712528237098,0.999582756083867,2.7570427249548692,41.89131364819499,0.024112050937614857,345.97016353412823,316.9556014496171
2026-01-01 18:15:00,NORMAL,0,1,1.935757943461363,4.364575264443885,0.402283829618296,1.0709691111327242,3.19791933761478,2.986005202551976,0.8168226030620094,0.8864166448902611,0.9978000614773515,4.6988834568346345,42.43109498248049,0.0024855680055871953,342.84487734226536,322.05516214110764
2026-01-01 18:30:00,NORMAL,0,1,1.233210966756264,4.722858107198025,0.8342266373437721,0.9547341244547087,2.8829711801845916,3.0196586739069216,0.734736384138694,0.7065669582140992,0.9852219058782746,5.017607880991153,40.22011277428268,0.031347016792804216,342.42618511892726,317.96336893527746
2026-01-01 18:45:00,NORMAL,0,1,2.125535568087986,3.574521827328113,0.9141138112824939,0.7316060022139733,2.2349255043181424,3.054821170896425,0.9483037501722935,2.23228921266204,0.9937634126515291,2.109270842263535,45.466811196652245,0.016014674446788765,348.16565889354666,320.2049447342063
2026-01-01 19:00:00,NORMAL,0,1,2.1743750310667345,3.2719643878081976,1.2837096410440498,1.3068286363141102,4.543618461769825,3.4768280519051302,0.5011669004381334,1.678662332254952,1.0056042032570158,2.0870206720927573,36.332920905319554,0.054402794832631315,343.1530404401334,319.51476190519946
2026-01-01 19:15:00,NORMAL,0,1,3.6476660589075802,4.01810494808892,1.832962641109885,0.8466082557433843,2.6479305765789802,3.1276928362267182,0.36630750114883237,1.2173455830558224,0.9966768699996843,1.9600451956576963,49.96696629262132,0.01450571670126819,342.9121118570627,318.0839767985975
2026-01-01 19:30:00,NORMAL,0,1,3.2281286093651134,5.500019768938435,1.903887352254789,0.44780360464436764,1.2959034730406973,2.8939103205072803,1.369007752883304,1.3173387547334257,1.0018029583882841,4.171062319734422,33.341997059134215,0.05398502019246958,344.9218021575669,318.03379614468344
2026-01-01 19:45:00,NORMAL,0,1,4.135592836425654,5.404526507288824,1.2354326897567107,0.7019163095190468,2.2077722399125173,3.1453496805413788,1.3858117492477595,1.3630380073747093,0.9930465728501238,4.531667691269554,33.2270798778541,0.021078034255145414,344.8196151732452,320.5528287285075
2026-01-01 20:00:00,NORMAL,0,1,3.65725416130955,2.1739002480511678,1.2263493282860913,0.37388333573254356,1.1013575338063812,2.945725119437349,1.2649843286429685,1.7662983642894188,1.0071935274117962,0.9173793215369765,25.08903847567312,0.028417426729695983,343.1949869871134,321.9910786563254
2026-01-01 20:15:00,NORMAL,0,1,2.625547445760282,2.7259936383860963,0.6528855800908859,0.5221769414576597,1.5281703864851266,2.9265374725648186,1.467306646146842,2.353538782977987,0.9992798616997266,1.4852369876007772,27.54848840115677,0.0279088521637118,344.3900535625738,319.74052759362297
2026-01-01 20:30:00,NORMAL,0,1,4.256081538664139,2.946979484417584,1.7649187452270247,0.3194356590999034,1.001842928438141,3.1362902039838167,1.1174872886695328,2.3655592393139653,1.0014502019824176,0.2614431345386514,54.020835156854304,0.05734014001308875,347.4587514353002,320.14022631746644
2026-01-01 20:45:00,NORMAL,0,1,1.6678916796308156,2.9975503033288473,0.9511227339517137,0.7986079081501797,2.39954750388407,3.004662838165673,1.1470008428429994,1.2829839590613268,1.0116288989594084,2.691177035709798,37.851293543217665,0.037320741051067446,343.38801278233643,321.1423481325821
2026-01-01 21:00:00,NORMAL,0,1,1.090848292535442,4.284930606971091,0.1081795028320911,0.9979942914469768,3.0356854502035406,3.0417863871767707,1.1438851379439612,1.1585249191955391,1.0075822005029471,5.335536336428482,29.114711462113352,0.028903911908214647,342.2126550312677,318.0567624539741
2026-01-01 21:15:00,NORMAL,0,1,1.360191443102567,3.665049702812769,1.255200132470581,0.6776217086167985,2.034286629340757,3.002097783279794,0.7209114464134598,1.40209300037051,0.9984671718935647,2.379491449649853,50.373644000895496,0.068209817523156,346.8851872417996,321.47938501682586
2026-01-01 21:30:00,NORMAL,0,1,3.889437402385801,2.197016479710376,1.4223980252705108,0.7624199486558048,2.325752499483153,3.050487468990815,0.6846782917714075,1.6358684608569851,0.9970338990756482,0.4817274498382425,42.15924503267438,0.04575605005129622,345.9845938238761,321.6386861941195
2026-01-01 21:45:00,NORMAL,0,1,2.8475089210055495,3.4944565538382864,0.676778604612633,1.3551302001290335,4.1517732186332,3.0637448846154225,0.36033941422350474,1.4236358228994965,0.9983722749424023,3.0335213362830147,20.84624045693174,0.017106465702239823,343.7589627587027,325.2072525975008
2026-01-01 22:00:00,NORMAL,0,1,1.6450871161344072,4.095011794870549,1.7173737993663472,1.127159433732407,3.0539877185432256,2.7094549600941877,0.9672287915389357,1.8175068196334019,1.0025494912423827,2.8454518164553426,32.65445829346861,0.07200730225149461,341.83566596774614,319.24779161888085
2026-01-01 22:15:00,NORMAL,0,1,3.004179100413454,2.406687611614864,1.697315701295763,0.8949423006394464,2.7743085135566576,3.09998590029143,0.4339802041535018,1.6087980467595273,0.9994738793287457,0.509940913729656,27.080056444853643,0.027412023682691248,343.5107532871229,319.08383639666374
2026-01-01 22:30:00,NORMAL,0,1,1.6092484108526737,5.333834215154239,2.106006543331114,0.6129949626230078,1.748688944235932,2.852697087025455,0.3867126145535316,1.1414310933881522,0.9980237792749826,3.0282596583830377,46.23491443931363,0.0031183502029856315,344.89059112630144,321.5379317431475
2026-01-01 22:45:00,NORMAL,0,1,3.785281500310944,2.207847465860417,1.9438454466036301,1.2866964786502946,3.581719253118185,2.7836551296660885,0.8789420611440821,1.1914616115252652,1.0073359062535452,1.2027119845312213,31.001241625210113,0.039568017917956236,347.33134417976765,321.63820833782427
2026-01-01 23:00:00,NORMAL,0,1,2.784625102296123,5.699367476072249,1.9572991695630946,0.5586068285687253,1.670926147753478,2.9912383134211975,0.6149735823375648,1.2571855751194618,0.9994289505411108,3.423386578708166,22.597871168397745,0.009915044355270224,342.9268360502607,318.9298256932466
2026-01-01 23:15:00,NORMAL,0,1,2.52408490438593,2.396452566319502,0.9486424554721293,0.6578770035683448,1.9819183863276106,3.012597150497168,0.3282849131919483,0.6892795364987774,1.0114979454651867,1.8029636212366196,22.19739956790677,0.019077315497259405,344.83096023697703,319.1936746461399
2026-01-01 23:30:00,NORMAL,0,1,2.206048356591506,5.3742998063910115,2.3622966659578615,1.2999712958652432,3.7646831714782953,2.895974075314158,1.2240840251292466,0.8321252648279462,1.000453712818761,4.439960840445374,43.26909191834859,0.05976886981499289,346.3502893197898,321.0822616764361
2026-01-01 23:45:00,NORMAL,0,1,3.521130372475554,5.610612575710468,1.6474331507990383,0.8824962608135796,2.7574961584920814,3.1246547786501964,1.290854878941564,1.9462276042907722,1.0089265919711237,4.303072430251119,20.868938228163586,0.010460145070105486,340.23746531975615,318.34483151853067
2026-01-02 00:00:00,NORMAL,0,1,2.4472504422135617,5.918282722346371,1.2942545855396703,1.1165497443597743,3.124858432244702,2.798673725044364,0.25154927951667144,1.27819342304416,1.0017865971135531,4.733226976512677,53.95168452544355,0.06455553794832286,347.0675723358778,319.17893202397
2026-01-02 00:15:00,NORMAL,0,1,1.350599677264404,5.208103521094374,1.8780374428231714,0.9498192735801427,2.7914793683633583,2.938958437684116,0.011260549199999803,0.9290779451202873,1.0048148028662471,3.720110725867147,26.215884770291026,0.07495258305047629,342.6350988555871,320.17918553473686
2026-01-02 00:30:00,NORMAL,0,1,1.4720236084820613,5.117910163085316,1.0819720033507627,1.0187831299104446,2.9669704044627276,2.9122688797600498,0.5041949527940606,1.6253448211497146,0.9963769447424113,3.768551088230698,44.26265340781719,0.04852256803263558,345.66399098691386,321.9918773696445
2026-01-02 00:45:00,NORMAL,0,1,4.847590658198058,4.569933103982191,1.5382177338202747,0.6293216206663081,1.8835671055280687,2.9930119094490992,1.1962662535211288,2.0110790849468545,0.9957312038870629,2.830824845746404,37.78752112042983,0.056828735361826345,345.49336629922146,318.7908027676409
2026-01-02 01:00:00,NORMAL,0,1,4.634322762830428,5.1159854183125155,2.210117065446661,0.5655092677893292,1.7201828539815058,3.0418296426970857,1.2587607993514867,1.0148447246907428,1.0022985297750748,3.985036850454387,37.7140608492761,0.057086928792593396,347.1691727829277,316.31523107593864
2026-01-02 01:15:00,NORMAL,0,1,3.7988285352429982,2.5382088336525883,2.659208660171123,0.6547415818855318,1.8652383320254262,2.8488160575564683,0.20749360517407384,2.153579763847489,1.0049427662123265,-1.233635957262706,22.871885694401833,0.0794246365816356,346.1018487617871,316.16680506496357
2026-01-02 01:30:00,NORMAL,0,1,2.0634798458380783,4.144272143790549,2.763171591885575,0.4709857204917647,1.464126181277508,3.108642401618434,1.1615038517745768,2.3550097192500994,1.0002012825100024,0.5541485971842313,52.110090008488626,0.02732306097612983,340.24541901654004,317.4811738665877
2026-01-02 01:45:00,NORMAL,0,1,4.876705509390895,4.056891480761658,1.5108987755492977,1.261745801819888,3.7971613515223166,3.009450355250205,0.17355625096414418,1.6947890581476814,0.9935680333245815,2.3201008141047286,55.722099390130104,0.013028524099416199,343.430441505688,317.37366456360013
2026-01-02 02:00:00,NORMAL,0,1,4.115003615863179,5.430288576490231,1.5608253442217073,0.6115716265751254,1.6611557825957746,2.7162080620032136,0.5850938852347938,1.8378953179831592,0.9931987081685534,3.2285333295575462,20.44066669536914,0.04153337879314572,345.27641025870656,319.6907784827602
2026-01-02 02:15:00,NORMAL,0,1,3.8675607566359824,3.8511974623740635,2.3996112322915093,0.9176383338558229,2.483323213656938,2.7062112839404455,1.4979142725178738,0.6051519806461108,0.9928643179890688,3.304280235919264,27.14416702788471,0.04265998478653666,344.6100402277604,317.6222396928048
2026-01-02 02:30:00,NORMAL,0,1,2.7974460085751547,3.540357984401414,0.9433520752326038,1.1711718676555114,3.5113514015703013,2.998152106060603,0.2888862348463647,2.391039782043813,0.9911618894353031,1.561222164229148,56.15616755181915,0.014232999063691559,345.95522145951355,318.5944900803576
2026-01-02 02:45:00,NORMAL,0,1,2.088966247380636,4.55825308494844,2.512147087035206,1.1622065203132848,3.4480981123137386,2.966854902332047,0.23094537386643965,1.2849694685298876,1.0005474267972354,2.1408903631579608,41.97974451200233,0.04904875351953116,346.57873311133943,318.4518282300359
2026-01-02 03:00:00,NORMAL,0,1,1.3855638486139972,3.0658532700033843,1.4824249395522702,0.7822248844426121,2.3345399853693425,2.984486982963805,0.6342004988201903,2.3478008010908598,1.0056252196085402,0.41234505633154994,26.001583129928406,0.0011299786781459177,346.21690347285937,319.118984278304
2026-01-02 03:15:00,NORMAL,0,1,4.610409586175367,2.5590736438158275,0.34757017300580517,0.8238830394453982,2.468190977635605,2.9958026315204673,0.9295027889547922,1.6579550495004851,0.9999329210653759,2.32720276748994,28.111618104366354,0.07421347219633773,344.5714501148911,322.64500866304627
2026-01-02 03:30:00,NORMAL,0,1,2.8231051593344443,3.911509096094983,0.2161774412188311,1.3941719238285273,4.229686150793836,3.033833975926527,1.3993511736198798,0.5092375976866552,0.9886979262133108,6.047120255651178,46.39944976948456,0.02116594222570093,341.30732597775904,321.32389517886105
2026-01-02 03:45:00,NORMAL,0,1,1.8094534591809213,3.66755747437954,2.5259796331183892,1.0420572246769264,3.274297442391483,3.142147441477245,1.4712317182995513,0.5770839986468714,0.9990461976983273,3.043669873694174,48.992672889874925,0.0031648166712153446,344.08903750229035,320.032258830552
2026-01-02 04:00:00,NORMAL,0,1,2.22382649660261,2.930279762115495,0.1667037507206337,1.196102287429671,3.388957595254742,2.8333342648623665,0.10446095488709195,1.860837611339844,0.999186005016837,1.9610440087840613,43.977072343197406,0.008659955317988563,345.8327362962779,319.07794743883835
2026-01-02 04:15:00,NORMAL,0,1,3.316878275767584,3.470047240460512,0.8418343084009677,1.292809366141155,3.6511577206004375,2.8242042610648808,0.206996276021858,1.6253360276638662,1.0104799937511273,2.6509623259864106,58.12593519650103,0.019219915862371338,342.819105494899,319.13353468675393
2026-01-02 04:30:00,NORMAL,0,1,1.7070911317569268,3.4655697993049897,1.0023901215046376,1.166348819852273,3.307766910852326,2.8360014213168925,1.1861069608439907,0.5530648744121487,0.9927143104354023,4.3172493397833875,39.762544146471086,0.021912493488483616,346.2625494602432,320.6554929399039
2026-01-02 04:45:00,NORMAL,0,1,4.4264571363695016,3.309982257650182,0.5189833355747814,0.5036972794489243,1.532920819232822,3.0433375000753062,0.4059482284062907,1.9869199224447707,0.9980466119870041,1.6048222428306984,32.01087648570107,0.0026247999598182936,346.8167865945346,321.16833814670457
2026-01-02 05:00:00,NORMAL,0,1,4.03407811934084,3.517856318907716,0.9416801094059677,0.9183878071113294,2.9266650952906046,3.186742106796967,1.3272735892595409,2.204290674138363,1.0085292634027228,2.5754568647085456,39.08931639903186,0.022348384975498334,345.2537339525917,318.1847649877988
2026-01-02 05:15:00,NORMAL,0,1,3.877851823803747,4.742973381823782,2.228077700175257,0.41208357304599935,1.2095885346021893,2.9352990842640736,0.9951798858436302,1.4928349648786166,1.0022498917067328,2.2042237652422614,34.38665174666444,0.01543533891947857,338.8724402673752,320.07296151122847
2026-01-02 05:30:00,NORMAL,0,1,2.728372159100415,3.187505898285141,0.044048530680212306,1.0182143392203982,2.672553019598875,2.6247450233760516,0.16776720357101577,1.43151488071451,1.002816565367582,2.744112510515147,28.97663570698745,0.030289674194761487,342.4438232745764,315.93676086267396
2026-01-02 05:45:00,NORMAL,0,1,3.5092353628097728,5.795431706861361,2.4815202735620594,1.350884371006592,3.7073685140587056,2.744401070608444,1.2487939273860107,0.510946217669255,1.0005729221851194,5.32197181206908,21.838529973605603,0.030813418988477538,348.77237831711216,320.4234275683412
2026-01-02 06:00:00,NORMAL,0,1,3.3363918756509423,5.665392078152712,2.5696440707236743,0.8640052707301225,2.484053594309242,2.8750444915805984,0.2645345700121138,2.0732994249871988,1.0016497176932864,2.335251545026098,34.08849974260497,0.027120619248230327,343.9069244139432,321.5242984839174
2026-01-02 06:15:00,NORMAL,0,1,3.59938640621928,3.9236417132003143,1.1167847195746445,0.7762697421545438,2.2638670175104236,2.9163406668757177,0.6352430920194807,1.1614321334922109,1.0038880476513927,2.9610121856743628,48.45637390838969,0.02623391068245632,341.031713553742,319.43986274623825
2026-01-02 06:30:00,NORMAL,0,1,1.3377772845595564,3.313444820018755,0.4608386971819044,0.3394270265599795,0.9974883590654409,2.938741705911791,0.828277392838995,2.2575272395650794,0.9959525684055361,1.8588153515700598,20.737512115007753,0.007178502219300098,347.47049477662057,323.6330539922802
2026-01-02 06:45:00,NORMAL,0,1,2.6632296086824385,4.141739159320013,1.8025212238352426,1.3557519745621422,4.075101888735758,3.005787168447138,0.7511492236204174,1.246121175116106,1.004390292894541,3.119250528121987,37.56714052823739,0.0020163957700929736,345.02671118308734,318.2375231051279
2026-01-02 07:00:00,NORMAL,0,1,1.16645669544757,5.394241955094499,0.359017667594683,0.4133029525431746,1.220582005783511,2.953238050376633,1.0292443734227257,1.6301558212614111,0.9931349849155723,4.884807926332086,45.76037605799473,0.016169144012517327,347.2098809779155,320.4348808306065
2026-01-02 07:15:00,NORMAL,0,1,2.9759632769780757,4.610349362240408,1.0947580832347574,0.34518700263533164,1.0898937671424955,3.157400941581511,0.9790301023038828,1.040683576398655,1.0016418398641578,3.7779154822246386,44.41616436697229,0.06053195419332923,345.5539173504387,319.9283505066681
2026-01-02 07:30:00,NORMAL,0,1,2.3194448493311413,5.21756731178831,2.8752875427029174,0.5706732726554322,1.6541520667355627,2.898597404147795,1.4880630082920823,0.8211766251698374,1.0008937048164317,3.7107979148769803,51.06593743554863,0.07926478124408977,345.9171182724243,319.7994046651132
2026-01-02 07:45:00,NORMAL,0,1,1.5780967554641876,4.130889104262961,2.9863934177509113,0.3720834773102206,1.0681222921943547,2.8706523060786684,1.4991328638362817,2.049815806762656,0.9969185345590394,0.8856745201631124,52.420788626391904,0.07428209400458632,345.72601849542906,319.7713556639905
2026-01-02 08:00:00,NORMAL,0,1,1.4136118708902066,4.5316705170704825,2.316314674063757,0.8006296266529385,2.4593991715016448,3.0718313307780694,0.7746891039534614,1.4931809576925632,0.9998865736233717,2.0616143784201957,48.46823283677551,0.040337548443021495,346.394976623842,320.21421006001896
2026-01-02 08:15:00,NORMAL,0,1,3.350578288710848,3.152622456729847,0.9328845297622986,0.8676965813828235,2.4032190380030896,2.769653689511082,0.14279863044129598,1.5729758475045015,0.9968872992366722,1.4499649365826208,24.11190784578998,0.04254590846223474,349.5548608971122,321.6959174869274
2026-01-02 08:30:00,NORMAL,0,1,1.6823718741475444,4.939572649241163,2.0629951474982775,0.6438269439314422,1.9691149347510681,3.0584537557980003,1.0917649484530776,2.430831906963471,0.9946414933656913,2.1015558630725204,39.000897760174425,0.025166525522867404,346.94201267191835,322.7554724725495
2026-01-02 08:45:00,NORMAL,0,1,4.700480473507189,2.8096183725028734,2.116219096452038,0.35605653083237465,1.0736468021206325,3.0153829775589402,1.4649961173248838,2.427159824444307,0.9982319262919318,-0.1000668958379212,44.13623829950434,0.0619151550910125,341.83932136430894,319.9954995109917
2026-01-02 09:00:00,NORMAL,0,1,3.32424455880158,4.7791925152739925,1.1635250854909494,0.42276040507414936,1.2589312882080061,2.977883626512275,0.4774895814435305,2.211284243404807,0.9944800568231417,2.3661649752478495,29.822641552378066,0.06118053503461189,345.8933230305578,321.6306321443433
2026-01-02 09:15:00,NORMAL,0,1,2.3874792181393483,5.442876273303576,1.9226659037584781,0.7229548157889208,2.3411022264366683,3.2382414160723894,0.6918133287563607,0.8752185855300672,1.0016139873204661,3.9898947038316,21.70207270587106,0.06754178860659557,347.2829615362064,318.5964661074664
2026-01-02 09:30:00,NORMAL,0,1,3.363661965925667,2.5284113492061757,0.03218293492702873,0.36658129590918975,1.0655304459844968,2.9066688832057923,0.6371653872231839,1.6885453886031598,0.9942495725292382,2.1676206913123255,28.943612835041876,0.07164036617575074,347.4054016130723,321.5319109054525
2026-01-02 09:45:00,NORMAL,0,1,1.09121548411879,4.457518962167679,0.6271729758067244,1.0680086981709047,3.5340885495545113,3.3090447255786115,0.07712873183539404,2.256294849311075,1.0035598851149552,2.4585313777856097,38.19577606930555,0.03474793985802366,344.1467900338818,318.476016952346
2026-01-02 10:00:00,NORMAL,0,1,4.834236852965781,2.3803829929197384,1.5752649089017834,0.5277225956772931,1.5653229966017874,2.9661852826157853,1.0083966468351673,1.2489278728978754,0.9940926046603559,1.12285443043901,36.55721276218404,0.06135004544857581,347.32988889037625,322.1813198721763
2026-01-02 10:15:00,NORMAL,0,1,2.929213747771601,4.902862513085708,0.4912539127748876,0.6322787256620023,1.7757216274147272,2.8084475332544656,0.5300065426027016,0.7022123318711699,0.997168525422095,4.702488583178504,27.066679253086466,0.0645118983036703,346.8554847991024,324.4212817547865
2026-01-02 10:30:00,NORMAL,0,1,4.130940909001145,2.337972875294081,0.4977206036296009,0.7335383548959071,2.208308368850415,3.010487937149224,1.1811958119472534,2.1219258044798437,0.9968769829589241,1.5590504329703951,52.97662170733971,0.024676769799820013,350.14503487393944,319.7558322240572
2026-01-02 10:45:00,NORMAL,0,1,1.3309199996897543,5.743759290802505,2.508912871650714,0.7582705963760625,2.1523990256442995,2.8385632199521846,1.248180112922979,1.4635271027243433,1.0066257336443742,3.7989829467275706,57.027466749468985,0.074339379520492,343.49999652750296,315.6149130183852
2026-01-02 11:00:00,NORMAL,0,1,2.9466333233526414,2.5496317201512086,2.9673990080508164,0.30182677844228056,0.8714453284687376,2.887236622827975,1.2318461798967681,1.6287853607183571,1.001651449728083,-0.8616853965100586,28.05393276210861,0.007547320211172437,343.9851988471992,318.9038541335104
2026-01-02 11:15:00,NORMAL,0,1,2.9628279774180837,5.8355209836363215,1.6679082840853452,0.4232774080985673,1.2950405082196086,3.0595549950023235,0.6249989970598202,2.464288592635689,0.998941330987278,2.787124429591879,57.182916622688865,0.07954153433306263,344.3877619030801,322.4637502685786
2026-01-02 11:30:00,NORMAL,0,1,4.751305819899931,5.203536704340387,2.51720919264514,1.2490410201149658,3.8512147831596706,3.083337313297519,0.4823185233613493,1.7144228609881442,1.0024935972053486,2.9887003135245425,20.714438367007233,0.061607257452709556,344.0195556999225,321.1061535740505
2026-01-02 11:45:00,NORMAL,0,1,3.2869122095043015,4.374728017865417,2.9709649929788178,0.30135636876309896,0.8759449764527502,2.906674844961861,1.1232311695005823,1.3499587713322028,0.9894640382633516,1.4103760470627889,56.99849890827782,0.00746167242594618,343.2199585004728,320.49782719735003
2026-01-02 12:00:00,NORMAL,0,1,2.8939576042278152,5.130496418518188,0.4247876657063241,0.8589840913941624,2.704177070885828,3.14811077175696,1.2020841507640845,1.2399687356943956,0.9997843320517955,5.565779437796543,58.07715160323632,0.052498371848400054,339.4746489886525,322.0173367119097
2026-01-02 12:15:00,NORMAL,0,1,2.0679026523675743,5.180459355932344,1.3447368397630532,0.8384522071579288,2.660933861651073,3.17362616370317,0.7368861695870492,1.3352385853080913,1.0099875708890238,4.229560561574988,20.482074520637006,0.0027343528742608124,344.13060105255374,320.96890687849685
2026-01-02 12:30:00,NORMAL,0,1,2.3262759893702087,5.784108251269322,1.1777181475257597,0.6664035771117016,2.1427842255929446,3.2154452634844937,1.3395465293044546,0.7367981663573375,1.0006617325320133,5.850949018798332,50.520771871069925,0.06161495595553463,345.7387161193998,322.43545037490225
2026-01-02 12:45:00,NORMAL,0,1,3.082689609886151,3.013533415356749,0.24014785093855506,0.7744597221610945,2.384880570511925,3.0794120110688583,0.2158630441178374,2.0895011168351436,1.0003395658458467,1.5870631855822595,58.808062902793736,0.06393783373272442,344.0135563089882,321.83884735329394
2026-01-02 13:00:00,NORMAL,0,1,2.7556458412201867,4.360303581433237,2.2659905183842333,1.1586392512792427,3.7128760571592676,3.2045143068128548,1.3186031694884401,2.1754337163740822,1.002740641898211,2.054761306884341,56.23608875271113,0.04819282024731582,348.8707623670582,323.0434009054739
2026-01-02 13:15:00,NORMAL,0,1,1.0864483195213217,2.380196790257605,1.301337081967779,1.225324076836452,3.3302840908884415,2.717880235803891,0.1441428494578219,1.0687942691468177,1.0044780262165718,1.475680973346528,58.82840644784852,0.06854883135332564,345.0267516254317,320.7175921678125
2026-01-02 13:30:00,NORMAL,0,1,4.305167696777431,4.464662800096486,1.407980802571204,0.586383397756775,1.7311879249472417,2.9523140177057305,0.23028828308192084,1.1075932368198882,0.9900126665355508,2.748785180084754,42.012940227905574,0.007830662417188777,347.5820581103683,321.81051880298793
2026-01-02 13:45:00,NORMAL,0,1,4.584643087359067,2.6851652163711552,0.45201892143972056,0.6547394850645027,1.8790690689324958,2.869949211551486,0.8007600199109406,2.248668512669626,0.9915883675910449,1.2880747095290273,23.126245595415533,0.022073907363265057,345.5228408254599,319.38574585382844
2026-01-02 14:00:00,NORMAL,0,1,1.560996355994443,4.259802445889767,0.5427799566926044,0.566731138331166,1.710328766192784,3.017883879169109,0.10127772028112253,0.5479407110559109,1.0010514564554307,3.8560801432951943,53.99156791220145,0.033134201727413645,346.6528146197865,318.797078376882
2026-01-02 14:15:00,NORMAL,0,1,3.2161445741561976,4.289722056135399,2.721310866468645,0.8278497406061716,2.412588108636272,2.9142826171204894,0.07921065210016554,1.5409148875344554,0.9964256171905125,0.8470046413177083,44.55313023236046,0.003396636226247862,345.5584831078671,323.41353528083795
2026-01-02 14:30:00,NORMAL,0,1,1.4343029645417742,3.8639406119249093,0.13394726692283665,1.0515841934246941,3.1285432362428978,2.97507632370754,0.0007781162485582804,1.427351429363002,1.0065601263110995,3.2757403056449936,44.58946976753156,0.035857287005693295,347.73756926380713,320.4324093526454
2026-01-02 14:45:00,NORMAL,0,1,3.6889603721592468,4.090527102052491,0.6985568548311187,0.5510781630097625,1.8088183103461828,3.2823262320306075,0.6544749895413947,1.8802535391569195,0.9984241280505739,2.808213534031916,36.69014439434745,0.02121707648900528,345.1118787002648,321.6097611317248
2026-01-02 15:00:00,NORMAL,0,1,2.1249351353560333,5.055693560026352,0.8761779909435851,0.6638093162603533,1.9745287114784114,2.974542030536943,1.1619358219383447,0.826783400298909,0.9903273463214344,4.9777199452839795,42.87367906084437,0.03141880096814024,345.9922414161776,320.2474800288228
2026-01-02 15:15:00,NORMAL,0,1,3.637690538767607,5.1969788660482665,1.4705926272047591,1.3234230793480655,4.052412583438163,3.0620688475785323,0.052257525419873496,1.8366614815903075,0.99365993041578,3.4225026549322024,26.14319116344458,0.034008210559384515,345.7326658673001,318.82696869816004
2026-01-02 15:30:00,NORMAL,0,1,3.9079784571475304,3.9686128623017165,1.7593355190443878,0.35342621883165387,1.0479651458411088,2.9651596005113645,0.9783864096987831,1.2534680157497529,0.9862516199018472,2.0779690315702517,49.59080106264601,0.0703529386790148,344.42342908374536,320.0219657851648
2026-01-02 15:45:00,NORMAL,0,1,4.074589967670628,4.398373766090449,1.4798699275519998,0.8068465657635229,2.429703048246164,3.011356993193525,1.2346909761242797,1.737429556339284,0.9988293723135855,3.123206612833679,23.000692294061693,0.021627277642211125,345.80996463784936,322.8719880355354
2026-01-02 16:00:00,NORMAL,0,1,1.4309637838235862,5.724944942760407,0.2523460036706461,1.0827138457564556,3.2491186887514103,3.0009025020654105,0.2520012728668067,0.5801900197455518,0.9990580793636781,6.515565967077458,49.19123068175168,0.07149945029730176,349.4687724923954,321.11048014855885
2026-01-02 16:15:00,NORMAL,0,1,4.664047380550432,2.4789343540044912,0.7310023621671407,0.4654994127132214,1.4278024265520206,3.067248609895974,0.22029560223210637,1.4234543943690188,0.9978776864510905,1.1793758266600232,53.95913690499416,0.03407767718502794,344.45920611580914,316.5770536805391
2026-01-02 16:30:00,NORMAL,0,1,1.9208559635795233,2.468414263600442,2.5307651542876233,0.35211142200603,1.117881980030469,3.1747961303320764,1.2912014604308042,1.5445017879647442,1.0053943951951487,0.051100802659225134,38.89874710257953,0.02622461765551888,345.8389297857065,319.5695110868477
2026-01-02 16:45:00,NORMAL,0,1,1.1496502247047191,2.3508360476430736,1.9127661014353772,0.4520259088023838,1.467777441745487,3.2471090996404994,1.234686914925142,0.9286528057099732,1.0059925991825835,1.055050431900067,40.393214642281976,0.040200963946811684,347.5155579017389,323.5645875854094
2026-01-02 17:00:00,NORMAL,0,1,3.2194098775659334,4.631453140162112,1.947447150402823,1.310705512883751,3.9929896508899327,3.046443012286375,0.8084126493962803,0.7792473083582414,0.9991480578832195,3.9444859976760944,32.488570916883134,0.03341946290902717,347.28050656188856,319.5724062763001
2026-01-02 17:15:00,NORMAL,0,1,2.483689135449755,3.674433203161518,2.0106097660540647,0.3101857600032357,0.9579876373450813,3.0884320329053403,1.2287998189409706,0.8769486060246028,0.9893265316626157,2.336851707214911,58.7783433490235,0.020589785044411685,345.0234328354387,316.39904261653163
2026-01-02 17:30:00,NORMAL,0,1,4.319158972529653,5.097285664567373,2.288709057118587,0.5071541722924869,1.4339126562409399,2.827370323622165,0.13913411613674215,1.188282156126696,1.0030864079024613,2.2722112246022586,49.324978982381815,0.040214345983685354,340.2332225940853,323.78609777084506
2026-01-02 17:45:00,NORMAL,0,1,4.233005888257207,4.68492565323437,0.174325445164342,0.334411864191809,0.9988275387878804,2.986818488637657,0.5917222769081316,0.6936202986099429,1.0027768011425429,4.7294834111161315,34.7595421320138,0.012144138646306502,346.03340563729694,321.3647850196256
2026-01-02 18:00:00,NORMAL,0,1,2.2685555712908614,3.3345510333129527,1.0998251547978373,0.4216924143184236,1.3245541831460117,3.1410434197325383,1.1066963341595593,2.394639591459209,1.0015469578507847,1.3638501584212621,26.992295449320203,0.028154395441837288,340.5610514827539,319.8599742823744
2026-01-02 18:15:00,NORMAL,0,1,4.811597580278979,5.5934661894461435,1.618582305785036,0.9821642152911259,3.074071157106034,3.129895295762573,0.38617793898594505,1.3099881229916346,1.0049073987465407,4.001081648490777,28.783183688083653,0.045263217549927244,347.9398744618825,319.25716452783587
2026-01-02 18:30:00,NORMAL,0,1,2.1636713525604745,5.050128588282609,1.015369449891978,0.5658027996129943,1.7153678057251025,3.0317414599192576,1.1284933716503291,2.117939205013498,0.9941758595176948,3.3948192942944546,38.556891444402,0.03307265955118869,345.3389477423865,322.1647038595835
2026-01-02 18:45:00,NORMAL,0,1,3.060228516926858,3.082139763640703,2.5334366198615594,0.9261332554737445,2.901537604932273,3.132959093935193,0.7562679065862208,2.448834246217693,1.0100437769309256,-0.2952065517027091,57.70273601257352,0.06591298888406372,346.99934803974395,318.9160331995476
2026-01-02 19:00:00,NORMAL,0,1,2.023860362270411,3.456768071088216,1.447717525761882,0.9492149210427387,2.917521225567412,3.073615006349073,1.1253989819223496,0.6614705600054782,0.9952028612342907,3.5593874963839713,49.36585383043672,0.0205377409228133,343.1957777236379,322.29651284903196
2026-01-02 19:15:00,NORMAL,0,1,4.744174280195853,3.2577599208170516,2.3058827683781375,1.2343788663987567,3.9253815009564916,3.1800459387388984,0.6970194567859944,1.803338935869988,1.0037461146360043,0.8746863951210095,28.609749927165993,0.0775817263064808,341.89498505339986,321.0843905714485
2026-01-02 19:30:00,NORMAL,0,1,1.6584312703280726,2.6304465944999986,2.556046550643507,0.3052155322030613,0.9288941329724579,3.0434038735435665,0.5518565103327264,2.242818173482428,0.9915632615279333,-1.3397794138210406,54.38244533675592,0.06277776166810811,345.52150876828233,320.4893638509747
2026-01-02 19:45:00,NORMAL,0,1,1.179642477569316,2.5911334901687666,1.5143744487104942,1.2387064052766033,3.650028348553219,2.9466452526643447,0.3287838247179485,1.7684688679334566,0.9953486765636498,0.7528173142037413,35.12802092038724,0.07740744207979777,344.9327931200877,320.2910296106712
2026-01-02 20:00:00,NORMAL,0,1,2.7403882400121518,5.744509853502976,2.7286567316140498,0.9810309950696714,2.992513587580182,3.0503761885399534,0.31256901215252253,1.3580522427148254,1.0075818432336268,2.968103450806011,54.06888731010075,0.06705092438642433,344.01691834768565,319.65006392657165
2026-01-02 20:15:00,NORMAL,0,1,4.969502256223349,3.751616148795013,1.7613718216109417,0.47901783471545334,1.2264824582938179,2.560410843622084,1.1272362158570939,1.3621527152758766,0.9986955008849957,2.176050685320719,29.667983919245238,0.011368314068131413,345.16932256146555,322.09128024041854
2026-01-02 20:30:00,NORMAL,0,1,4.566709065019656,3.5332792911096393,2.550822896501165,1.1502311269488124,3.5167544446546573,3.0574328604577574,0.17836552205094075,0.5717977720147178,1.004199613025664,1.9608643213397101,44.746424477452706,0.0421168072508011,350.53487178406453,318.2693143357963
2026-01-02 20:45:00,NORMAL,0,1,3.994432077827797,4.918742834709512,1.0217723867745727,1.2410406959696443,3.043947769140563,2.4527380762177824,0.1289735251664177,1.5692015025785506,1.0011847769435962,3.7737706396209885,57.066819523251276,0.013598281695662857,346.6690510947381,316.7561497463396
2026-01-02 21:00:00,NORMAL,0,1,4.563169963514099,4.211972261011599,1.4964508755944557,0.5796898321295729,1.5892083643906727,2.7414804888891875,0.26443704753319525,2.487085993573695,0.9994752092199991,0.8757917966396345,30.315760365911764,0.06545818821018058,347.0989972117266,321.2288802457849
2026-01-02 21:15:00,NORMAL,0,1,4.573786558791452,5.744559947353849,1.594233123013733,1.3106730489929488,4.020837286424036,3.0677652901411476,0.2630197671808828,2.417415051943868,1.0068192516246635,3.4072887903121347,47.7170636234342,0.04673297193466367,346.68787378310674,321.2624766561343
2026-01-02 21:30:00,NORMAL,0,1,3.0754334415457962,5.121205975637569,0.31493914768821174,0.7999031733285236,2.457006104821147,3.071629400590019,1.2346614342103497,0.5807984576843264,0.9988167058767405,6.143835199364594,59.49250479828575,0.02107594514855246,347.9589242877044,320.96048230502356
2026-01-02 21:45:00,NORMAL,0,1,2.263716207323172,3.9174782564981614,1.1956575201046218,0.9637668997666535,2.7232541420547114,2.8256356829790104,0.5977599352113185,1.9115940072589763,0.9910963094621826,2.2852041084059063,26.02393148972014,0.0743679177605737,344.6198566541985,320.8154567392361
2026-01-02 22:00:00,NORMAL,0,1,4.088049728443952,3.505437893923305,2.7520130176550284,1.3831144869794079,4.001605663388667,2.893184693718159,1.4855826860407237,1.1035297333938616,0.9959837995402415,2.565665168910615,23.536091628026977,0.009214884265140855,340.8904773846494,319.3589192433249
2026-01-02 22:15:00,NORMAL,0,1,3.6466450526710443,5.946526179697289,1.8924967210942272,0.6976896865031192,2.236500906412238,3.20558114829212,0.20581688668591858,2.3059783068122734,1.0027559586435084,2.577795612020306,46.96780769779265,0.04510899227770512,344.622827733988,321.57496540877105
2026-01-02 22:30:00,NORMAL,0,1,2.4946309154948403,4.871040944014574,0.5325197473109025,1.194475280402124,3.4967015371363694,2.9273954802640985,0.980309738540465,0.5902294914185571,1.0019775455318125,6.057005096676146,33.58943790996122,0.057683244373338036,346.623471419993,319.9088837464909
2026-01-02 22:45:00,NORMAL,0,1,1.377866672246061,5.804778640015364,1.0165669068288148,0.6502390296113055,2.169482237948777,3.3364380468604478,0.673094260801876,2.371748204022161,0.9921647087488228,3.62362031035056,22.849779094663646,0.004707882986594543,343.06039920976986,319.02577287836965
2026-01-02 23:00:00,NORMAL,0,1,3.987158445396104,2.4739143088681654,0.5748090289880995,1.17913487446564,3.5370650585218075,2.999712022023548,0.5893772650456109,2.174951487575554,0.996378287402959,1.3998239489270585,39.01222471534417,0.04782848265649629,344.64726809902135,319.3762173754892
2026-01-02 23:15:00,NORMAL,0,1,2.0498420636914587,5.402134716763131,0.07446939539571762,0.9608073107489066,2.941228553516353,3.06120542653219,1.3126262985811235,0.735008764505203,0.9970913932539888,6.767634532160024,50.15082718575823,0.06527209723704754,343.6164605139954,324.04127939755165
2026-01-02 23:30:00,NORMAL,0,1,4.7472526021351165,4.54829553596483,2.78238137551208,0.5379912647479416,1.7444534396318496,3.2425311597747912,1.4633934687425993,0.6196486746345984,0.9981726520294288,3.0628044070554368,31.40489601660755,0.00540218515344427,348.0040585036863,316.53004783590916
2026-01-02 23:45:00,NORMAL,0,1,1.963882300022739,2.4876867133404503,1.3446219847706145,0.7554287031681599,2.2811333561743585,3.019654067429013,1.3092884381612682,2.169415328653872,0.9931204320569923,1.2032452745775635,33.40187510020539,0.04097943768853017,346.4989140308131,320.9995762085916
2026-01-03 00:00:00,NORMAL,0,1,1.491031729645944,4.353031999876883,0.9226052172623584,0.6493991977999178,1.8505593868527261,2.84964840289638,0.28845101855269956,0.8115153419491588,0.9968581444594026,3.6510811010595283,53.82797602587888,0.020684574251899204,346.30308124128794,316.64177914475255
2026-01-03 00:15:00,NORMAL,0,1,4.324450688499624,4.744385460421795,1.7954315746732097,0.38591923238840026,1.1514058070757314,2.9835408822458565,0.33119688181340107,1.569796305951741,0.9963569475737024,2.352765287100457,40.802876490459525,0.05303395612295367,346.24320262624195,319.78353332335405
2026-01-03 00:30:00,NORMAL,0,1,1.6131372664979762,2.0492107435544114,0.02194336887904691,0.33281824710966723,0.996676955909441,2.9946583895714864,0.984110818642595,2.331489715757419,1.0038576662988097,1.352853355255096,53.70927875225888,0.009494189366307594,344.92550149489574,319.13274502969165
2026-01-03 00:45:00,NORMAL,0,1,1.7170732326309563,3.817271847366986,0.8340663198024415,0.6811265209478989,1.903945302810186,2.7952887521697654,0.43362537245728755,1.6348962270986467,1.0040456065549512,2.3084536390812334,37.85557968574838,0.07496411445364055,345.395112565055,315.82994340664027
2026-01-03 01:00:00,NORMAL,0,1,3.397531166083374,5.301598044785285,2.109100397096678,0.3209375625992352,0.95049676958608,2.9616251892988763,1.1020876961708699,1.2944666029456482,0.9992709477095559,3.3316191726121573,58.11900646240414,0.07157828653717854,342.6296308389354,320.7780751808675
2026-01-03 01:15:00,NORMAL,0,1,4.498248163349858,3.1814361013763595,1.901309319207789,0.4820365333399525,1.3924450444104308,2.8886711859003844,0.8496309762144669,1.3900321097079844,0.9980398010206464,1.0453321345184905,46.03178358870947,0.014877953590056734,340.62711604249887,319.2399238756156
2026-01-03 01:30:00,NORMAL,0,1,1.785738662858293,3.8341923271942044,2.9454178426276063,1.0977016529359556,3.4453053145031896,3.1386536635781153,0.8263631527356043,0.626234341407742,1.0006996215601955,2.069964059668176,24.63595461276998,0.02586127074920837,345.30016226069006,315.8015873148775
2026-01-03 01:45:00,NORMAL,0,1,2.241294691600379,3.7692565082715728,1.861073128974132,1.0789003592519466,3.242302492279768,3.005191781127788,1.2428203872581787,2.437504642723198,0.9959171244627221,1.6978871065460173,55.40371952907203,0.047010797972243445,345.6479805125443,321.67913618154853
